feature,rank_auc_sep,variance,near_zero_variance
orig_refill_ratio,0.9739627186515719,9.999591937415848e+19,False
abnormal_orig_change,0.8909111188873845,0.16755439632179278,False
orig_balance_error,0.889977918245439,378096938387.54913,False
orig_drained,0.8703978688774549,0.18132449214925506,False
oldbalanceOrg,0.8103710038959089,8527775360720.872,False
amount,0.7898046636870544,372078814749.2544,False
log_amount,0.7898046636870544,3.2894887191097935,False
dest_amount_to_oldbalance,0.7682337059460347,3.346865606330531e+22,False
type_TRANSFER,0.707729012292404,0.07635574081052426,False
newbalanceOrig,0.7050772166803361,8742227050347.476,False
type_PAYMENT,0.6689938787661946,0.22364783388812,False
zero_orig_before,0.663815654804014,0.22200478300943374,False
hour_of_day,0.6605952470587386,18.5580173819936,False
dest_time_since_prev,0.6490269301874563,17080.75137798099,False
orig_amount_to_oldbalance,0.6415410059424448,2.675108994754962e+23,False
oldbalanceDest,0.6338854014723627,11318455387528.014,False
dest_refill_ratio,0.6246803175722123,7.15688257562582e+22,False
dest_prior_amount_sum,0.6196741563700211,10081612418133.217,False
dest_prior_tx_count,0.6171912831398899,61.407562212797316,False
dest_prior_amount_mean,0.6149537136729195,106839401076.36388,False
zero_dest_before,0.6125805142553613,0.24420919621025552,False
type_CASH_IN,0.6098914029859982,0.17136120273228295,False
dest_novelty,0.6009600671254846,0.2446791349313692,False
type_CASH_OUT,0.574376854079255,0.22840011240023397,False
dest_balance_error,0.5686536021487404,200837744554.4893,False
day_of_month,0.5654319335236421,25.65964291502231,False
orig_time_since_prev,0.5579962414206594,14827.210926762682,False
newbalanceDest,0.5411552425241957,13328924782290.129,False
type_DEBIT,0.5032205846194662,0.006393637024143715,False
isFlaggedFraud,0.5005189413596264,9.86515484263874e-07,False
orig_prev_amount,0.5004235399818431,890106765.8757203,False
orig_prior_amount_mean,0.5004235399533746,890095946.5206604,False
orig_prior_amount_sum,0.5004235390423857,890237742.6567279,False
orig_prior_tx_count,0.5004235243242211,0.0014069369211607253,False
