sim_pct,plaus_pct,t_sim,t_plaus,n_accepted,acceptance_rate,val_pr_auc,val_f1,val_recall
10,70,0.9220566308941924,1.3146343015155317,9956,0.8296666666666667,0.9999449353998228,0.9995760915642221,0.9991525423728813
10,80,0.9220566308941924,2.062079556675752,10895,0.9079166666666667,0.9999803569424178,0.9987293519695044,0.9991525423728813
10,90,0.9220566308941924,3.948106347739059,11618,0.9681666666666666,0.9999776248811323,0.9995760915642221,0.9991525423728813
20,70,0.9528013052569473,1.3146343015155317,9904,0.8253333333333334,0.9999879642609348,0.9995760915642221,0.9991525423728813
20,80,0.9528013052569473,2.062079556675752,10843,0.9035833333333333,0.9999487207168304,0.9987293519695044,0.9991525423728813
20,90,0.9528013052569473,3.948106347739059,11566,0.9638333333333333,0.9999742350598164,0.9995760915642221,0.9991525423728813
30,70,0.9778301790147323,1.3146343015155317,9157,0.7630833333333333,0.9999695358369337,0.9995760915642221,0.9991525423728813
30,80,0.9778301790147323,2.062079556675752,9899,0.8249166666666666,0.9999831071569346,0.9995760915642221,0.9991525423728813
30,90,0.9778301790147323,3.948106347739059,10451,0.8709166666666667,0.9998943821354925,0.9995760915642221,0.9991525423728813
