ablation,test_threshold,test_accuracy,test_precision,test_recall,test_f1,test_roc_auc,test_pr_auc,test_mcc,test_brier,test_log_loss,test_ece,test_TP,test_FP,test_TN,test_FN,test_TPR_recall,test_FPR,test_FNR,test_TNR,test_model,test_inference_seconds,test_n_eval
imbalance=none,0.5,0.9999888225694678,1.0,0.9992012779552716,0.9996004794246904,1.0,1.0,0.999594893478822,1.109160707343519e-05,6.233807906864841e-05,1.1053212877234145e-05,1251,0,88214,1,0.9992012779552716,0.0,0.0007987220447284,1.0,none,0.0923628999989887,89466.0
imbalance=class_weight,0.5,0.9999888225694678,1.0,0.9992012779552716,0.9996004794246904,1.0,1.0,0.999594893478822,1.1070257728242028e-05,5.985750356330058e-05,1.1014046225860493e-05,1251,0,88214,1,0.9992012779552716,0.0,0.0007987220447284,1.0,class_weight,0.0797675999965576,89466.0
imbalance=smote,0.5,0.9999888225694678,1.0,0.9992012779552716,0.9996004794246904,0.999999320922378,0.9999548574579092,0.999594893478822,1.1180209931153398e-05,0.0001228748986081,1.0383458311657956e-05,1251,0,88214,1,0.9992012779552716,0.0,0.0007987220447284,1.0,smote,0.0832168000015372,89466.0
imbalance=ep_iail,0.5,0.9999888225694678,1.0,0.9992012779552716,0.9996004794246904,0.9999999637825268,0.9999974562992208,0.999594893478822,1.1177114990430402e-05,0.000121351944636,1.097056913798465e-05,1251,0,88214,1,0.9992012779552716,0.0,0.0007987220447284,1.0,ep_iail,0.15106569999989,89466.0
drop_behavioral_features,0.5,0.9943889298728008,0.7150229357798165,0.9960063897763578,0.8324432576769025,0.9997015499122776,0.9814516440368959,0.8414763842971447,0.004486803313344598,0.01613833625766667,0.007042265427865221,1247,497,87717,5,0.9960063897763578,0.0056340263450245995,0.003993610223642172,0.9943659736549754,nb,0.18124150000221562,89466.0
threshold_0.5,0.5,1.0,1.0,1.0,1.0,1.0,1.0,1.0,1.0700104897946473e-05,0.0004542594722756949,0.00044791639161787677,1252,0,88214,0,1.0,0.0,0.0,1.0,,,
threshold_cost_tuned,0.51,1.0,1.0,1.0,1.0,1.0,1.0,1.0,1.0700104897946473e-05,0.0004542594722756949,0.00044791639161787677,1252,0,88214,0,1.0,0.0,0.0,1.0,,,
drop_calibration_raw,0.5,1.0,1.0,1.0,1.0,1.0,1.0,1.0,1.0700104897946473e-05,0.0004542594722756949,0.00044791639161787677,1252,0,88214,0,1.0,0.0,0.0,1.0,,,
with_isotonic_calibration,0.5,1.0,1.0,1.0,1.0,1.0,1.0,1.0,3.943870639954803e-11,1.210117591543465e-07,1.209920151329417e-07,1252,0,88214,0,1.0,0.0,0.0,1.0,,,
drop_temporal_split_stratified,0.5,0.9999701380877689,0.9796772265391512,0.9975654290931223,0.98854041013269,0.9996989747623726,0.998588673834951,0.9885660239545244,2.3403979520839296e-05,0.00010651027744824714,3.2085057841442595e-05,1639,34,1270847,4,0.9975654290931223,2.6753094900309314e-05,0.002434570906877663,0.9999732469050997,rand,1.7747917999986385,1272524.0
