,amount,oldbalanceOrg,newbalanceOrig,oldbalanceDest,newbalanceDest,isFlaggedFraud,log_amount,orig_amount_to_oldbalance,dest_amount_to_oldbalance,orig_balance_error,dest_balance_error,orig_drained,orig_refill_ratio,dest_refill_ratio,zero_orig_before,zero_dest_before,abnormal_orig_change,hour_of_day,day_of_month,orig_prior_tx_count,orig_time_since_prev,orig_prev_amount,orig_prior_amount_sum,orig_prior_amount_mean,dest_prior_tx_count,dest_novelty,dest_time_since_prev,dest_prior_amount_sum,dest_prior_amount_mean,type_CASH_IN,type_CASH_OUT,type_DEBIT,type_PAYMENT,type_TRANSFER
amount,1.0,-0.005551251760135917,-0.009002506992940727,0.342557287967873,0.5076729797447721,0.0019271185271454326,0.36664587712669006,0.8507757897047197,0.25696480662764776,-0.9778477138258505,-0.18258665700864052,0.08214206334636603,0.005549308970871216,0.19155385731052837,0.0407855389844321,-0.15298913446700518,0.11723064345460284,-0.023230189139218784,0.03148256437948529,-0.0020635449483528143,0.030773461060642528,-0.0015179455706033989,-0.0015179455706033989,-0.0015179455706033924,0.14587693439873822,-0.1568049805276059,-0.11732283463122761,0.29852158330837025,0.30876079870360956,-0.010364739128535251,-0.005597268971820919,-0.022662165322414822,-0.1844203350164511,0.3506424354319227
oldbalanceOrg,-0.005551251760135917,1.0,0.9989565953132719,0.06474154161553478,0.04030609476182551,-0.0003576979719937753,0.10455492385574627,-0.03663623700333827,-0.02575238795773227,-0.04488905562575174,0.13773194663332036,-0.15216112012860464,-0.011392367906419579,-0.012067733265478827,-0.2021235274052658,-0.22477533738952307,0.11907521716472588,-0.003733328469387304,-0.00019819901414815203,0.00436352751353043,-0.0005366506503911873,-0.0009504118500746672,-0.0009504118500746675,-0.000950411850074696,0.13198528650408495,-0.20580655889415658,-0.16592465902343395,0.08088212496475608,0.08146553650702283,0.5027435769860247,-0.19977440777222086,-0.021967034720496586,-0.18796222722710215,-0.08036659871113035
newbalanceOrig,-0.009002506992940727,0.9989565953132719,1.0,0.06629086741485994,0.040331502110779925,-0.00037923412817008186,0.109291980060856,-0.03705190913539263,-0.037380538723196785,-0.05071331085541131,0.14388917968809026,-0.16195411898009834,-0.007849671300499066,-0.013999742141634516,-0.20449264811285864,-0.2294677512367072,0.1276270727354398,-0.0039967828872863615,-0.0002797080214916831,0.004285099019345075,-0.0006247230792116556,-0.0009743948191691446,-0.0009743948191691448,-0.0009743948191691414,0.1351858803611623,-0.21048822258794933,-0.1698524805054534,0.08279413808295834,0.08336555524903287,0.5231809695118725,-0.2097664816187172,-0.02240518446876207,-0.192460565823887,-0.08593677352433948
oldbalanceDest,0.342557287967873,0.06474154161553478,0.06629086741485994,1.0,0.9744715472192164,-0.0011212800369058008,0.22372027258424346,0.3304594541240349,-0.04602637096280146,-0.3508256928380529,-0.024606552560339345,-0.02854229789268522,0.011074804688894456,-0.015454970248715326,0.06763008745193473,-0.27227381867857786,0.12351548388841355,-0.002191491615184575,0.029567313268036594,-0.0029102505142439197,0.029666434677687054,-0.0017462603579292456,-0.0017462603579292454,-0.0017462603579292474,0.44667235093197943,-0.2601240572478747,-0.2108547924318825,0.8620322170044356,0.6509266560320407,0.0756345830844282,0.08326929890192056,0.01114860535545785,-0.22696803944226784,0.12902724824850514
newbalanceDest,0.5076729797447721,0.04030609476182551,0.040331502110779925,0.9744715472192164,1.0,-0.0011418516136360935,0.26010023656865344,0.45970111707586814,0.035001927413589276,-0.5067320165696856,-0.1831588954835286,-0.00048364531775520506,0.006189095328886345,0.10076395785454996,0.08122509870265932,-0.26580920190181473,0.12660060892055233,-0.006455534709227938,0.02923815756777361,-0.003025177780149541,0.029198794886562882,-0.0018058022015011326,-0.001805802201501133,-0.0018058022015011452,0.4266235350102523,-0.2561814545009448,-0.206680534174388,0.8404509857375089,0.652927771861491,0.03424837621071306,0.08882825614199097,0.008022172231659958,-0.23113211111484866,0.19000967570802849
isFlaggedFraud,0.0019271185271454326,-0.0003576979719937753,-0.00037923412817008186,-0.0011212800369058008,-0.0011418516136360935,1.0,0.004573913667248589,-0.00045179847585201063,0.009479225666124426,-0.0017989095525277666,0.0034698997146678807,-0.0019710820189421012,-0.00014049080576596662,-0.00017229375055333987,-0.002492589553023713,0.004118207333880664,0.0018458453647555422,-0.00026046624743127517,0.0015362186078066763,-0.0001448202034074443,0.001532113293273871,-4.608659232844275e-05,-4.608659232844275e-05,-4.6086592328442824e-05,-0.0023084920166264893,0.004089466937601736,0.004589944354147109,-0.0014602458878668764,-0.0015758675710576097,-0.0018776807760385462,-0.002608230913326404,-0.00029684662571445667,-0.002530265289531859,0.011839489342621079
log_amount,0.36664587712669006,0.10455492385574627,0.109291980060856,0.22372027258424346,0.26010023656865344,0.004573913667248589,1.0,0.2030035283962157,0.14806837072661017,-0.3911737527922243,0.05344869557804202,0.24003679245859763,0.033243982330335015,0.07614572446851324,-0.008550670932175949,-0.6054573088234331,0.47210578946629933,-0.05513185395723751,0.021206595233474783,0.003652810688499416,0.019193458654630492,8.491809663515058e-05,8.491809663515058e-05,8.491809663515593e-05,0.38961454010098967,-0.6132722540102123,-0.45828540435804216,0.2743838013349568,0.2781378084688446,0.23613534797254795,0.3432851121384791,-0.13701242133082436,-0.7339974777710215,0.3537391681766656
orig_amount_to_oldbalance,0.8507757897047197,-0.03663623700333827,-0.03705190913539263,0.3304594541240349,0.45970111707586814,-0.00045179847585201063,0.2030035283962157,1.0,-0.017433533339036772,-0.8414180386306709,-0.09488627082330259,-0.07124165738051141,0.01394373446188537,-0.005867593660753179,0.1812566672404461,-0.10353655972115572,0.06671517584695774,0.0009444895890487199,0.02295209193920453,-0.00021772139960777096,0.023015036942597315,-0.000652243559462129,-0.0006522435594621288,-0.0006522435594621289,0.12036651807520947,-0.09890118707174031,-0.08014422994785816,0.27603217374269007,0.30715794195942037,-0.0660440518403246,0.007293942017091184,-0.010590895564140619,-0.08539517996609246,0.2377020769348744
dest_amount_to_oldbalance,0.25696480662764776,-0.02575238795773227,-0.037380538723196785,-0.04602637096280146,0.035001927413589276,0.009479225666124426,0.14806837072661017,-0.017433533339036772,1.0,-0.20200867013594467,-0.2546272916448056,0.1511933144131707,-0.0047027423968586625,0.697351791964472,-0.08291820517331493,0.16904442439840467,0.02743374056182065,-0.025160353828780416,0.023219348391749547,4.9813108644742256e-05,0.02227813485921559,0.0003978861859752791,0.0003978861859752791,0.0003978861859752731,-0.07923008272726952,0.07668924365421978,0.08732027745502371,-0.05341899894579427,-0.04043382218557332,-0.022478824883658495,-0.004737738920712516,-0.012184978296718163,-0.054478102471292006,0.13996112878240566
orig_balance_error,-0.9778477138258505,-0.04488905562575174,-0.05071331085541131,-0.3508256928380529,-0.5067320165696856,-0.0017989095525277666,-0.3911737527922243,-0.8414180386306709,-0.20200867013594467,1.0,0.1463541087835643,-0.029541056321015266,-0.0206926935940897,-0.18103420082956856,-0.01882335929027441,0.1853148482616538,-0.16118675020647683,0.02446140617776144,-0.030904977767972484,0.0021599075651005787,-0.030152527798453337,0.0016674917997552775,0.0016674917997552775,0.001667491799755285,-0.1664834563475688,0.1880137067480477,0.1432268435347687,-0.3095808370495013,-0.3197326353712643,-0.10856848922166489,0.06114230921668422,0.025680427675610865,0.21365054516225535,-0.31910403465793963
dest_balance_error,-0.18258665700864052,0.13773194663332036,0.14388917968809026,-0.024606552560339345,-0.1831588954835286,0.0034698997146678807,0.05344869557804202,-0.09488627082330259,-0.2546272916448056,0.1463541087835643,1.0,-0.08871834357687691,0.03762494342468253,-0.6338987794100787,-0.09672507928383516,-0.06866603195050817,0.048012200229090904,0.003655524136682885,0.024274934878232922,0.00012074438142421763,0.024338661704717008,-0.00037096388972080466,-0.00037096388972080477,-0.0003709638897208014,0.04637255700501834,-0.062441784234190695,-0.04521556561773036,-0.020222587443681824,-0.04624663432083697,0.25498789479904427,-0.10664346118776026,-0.013397716326693329,-0.0587863369749087,-0.0938922035674864
orig_drained,0.08214206334636603,-0.15216112012860464,-0.16195411898009834,-0.02854229789268522,-0.00048364531775520506,-0.0019710820189421012,0.24003679245859763,-0.07124165738051141,0.1511933144131707,-0.029541056321015266,-0.08871834357687691,1.0,-0.022153235218476397,0.0811734690888702,-0.3930429627869997,0.001023771911113508,0.28540193500086514,-0.019074186684544674,0.011598503642814853,0.00016309532171537372,0.010829812222519521,-0.0005960524518146253,-0.0005960524518146254,-0.0005960524518146301,-0.028669708396918497,-0.028736877544204505,-0.0027979151511633763,-0.02610967520602059,-0.014702437541485635,-0.29608132413421684,0.3250683164369254,-0.02142698303517823,-0.14865639480388423,0.14406124744408136
orig_refill_ratio,0.005549308970871216,-0.011392367906419579,-0.007849671300499066,0.011074804688894456,0.006189095328886345,-0.00014049080576596662,0.033243982330335015,0.01394373446188537,-0.0047027423968586625,-0.0206926935940897,0.03762494342468253,-0.022153235218476397,1.0,-0.0019364308244159503,0.05636339079565718,-0.03150140845801445,0.020745684897672634,-0.011183805166127363,-0.003751837274024888,0.003983159798627798,-0.004119521845402458,-2.870611774994536e-05,-2.8706117749945366e-05,-2.870611774994655e-05,0.023318146222394434,-0.02797207178429261,-0.023353786949886438,0.014201712126462837,0.010918567140261994,0.07482145404150549,-0.02931423061095901,-0.003336296028413718,-0.028437965284078468,-0.011866289318038884
dest_refill_ratio,0.19155385731052837,-0.012067733265478827,-0.013999742141634516,-0.015454970248715326,0.10076395785454996,-0.00017229375055333987,0.07614572446851324,-0.005867593660753179,0.697351791964472,-0.18103420082956856,-0.6338987794100787,0.0811734690888702,-0.0019364308244159503,1.0,-0.033796479526917236,0.05676260141808716,0.019069659444876725,-0.008071354637396907,0.008354248480544895,-0.0004977369738207391,0.008082257637679901,-0.00010767989676102083,-0.00010767989676102078,-0.00010767989676101925,-0.02440007851661566,0.014552410997201814,0.021499627970724286,-0.016829185132424755,-0.010401394387508615,-0.024897353135012533,0.009638510563977997,-0.004091534333714549,-0.03487547578137431,0.08226752841057224
zero_orig_before,0.0407855389844321,-0.2021235274052658,-0.20449264811285864,0.06763008745193473,0.08122509870265932,-0.002492589553023713,-0.008550670932175949,0.1812566672404461,-0.08291820517331493,-0.01882335929027441,-0.09672507928383516,-0.3930429627869997,0.05636339079565718,-0.033796479526917236,1.0,-0.07557134073785715,0.368070188880092,0.005811980389725932,0.00467626625745502,0.003576699574546987,0.004849136252748541,0.004649303666940577,0.004649303666940577,0.0046493036669405146,0.08867951030464766,-0.04609184632740505,-0.039789889045602614,0.07210665933655983,0.0551704157341335,-0.3624362557841078,0.20497792629570977,-0.028947952140880535,0.047099045399003836,0.1179458786317567
zero_dest_before,-0.15298913446700518,-0.22477533738952307,-0.2294677512367072,-0.27227381867857786,-0.26580920190181473,0.004118207333880664,-0.6054573088234331,-0.10353655972115572,0.16904442439840467,0.1853148482616538,-0.06866603195050817,0.001023771911113508,-0.03150140845801445,0.05676260141808716,-0.07557134073785715,1.0,-0.4208324722504804,0.003375963085591403,0.0038801509233510304,-0.001149070861665823,0.0037654273710990105,0.0034857667451292655,0.0034857667451292655,0.0034857667451293362,-0.5381953579086034,0.8589855645372446,0.6836730922990395,-0.3449320211857709,-0.34476540931289973,-0.3347536981184623,-0.41935224761710777,-0.07208151548667541,0.8336021456040436,-0.18054802639685497
abnormal_orig_change,0.11723064345460284,0.11907521716472588,0.1276270727354398,0.12351548388841355,0.12660060892055233,0.0018458453647555422,0.47210578946629933,0.06671517584695774,0.02743374056182065,-0.16118675020647683,0.048012200229090904,0.28540193500086514,0.020745684897672634,0.019069659444876725,0.368070188880092,-0.4208324722504804,1.0,-0.020239870262295293,0.025510079648477915,0.0027576799374354755,0.024820930039985065,0.0019772509211822397,0.0019772509211822397,0.0019772509211822553,0.24862304827317386,-0.4124715820416465,-0.3006341067265952,0.1589375236083596,0.164261090158558,0.2772692026469531,0.18009820881271013,-0.09978838061551842,-0.4780408905072033,0.12278942083402937
hour_of_day,-0.023230189139218784,-0.003733328469387304,-0.0039967828872863615,-0.002191491615184575,-0.006455534709227938,-0.00026046624743127517,-0.05513185395723751,0.0009444895890487199,-0.025160353828780416,0.02446140617776144,0.003655524136682885,-0.019074186684544674,-0.011183805166127363,-0.008071354637396907,0.005811980389725932,0.003375963085591403,-0.020239870262295293,1.0,0.020686643397571536,0.00535614475049183,0.05555402270283888,0.0003598257119274165,0.00035982571192741674,0.00035982571192741766,0.0015788027161735927,-0.0018650256152109917,0.016271605550772787,-0.0025519890487031784,-0.0013377025740388456,-0.009528122242739362,0.004513203282176682,-0.008099755043194691,0.008476498153770204,-0.005636698944606475
day_of_month,0.03148256437948529,-0.00019819901414815203,-0.0002797080214916831,0.029567313268036594,0.02923815756777361,0.0015362186078066763,0.021206595233474783,0.02295209193920453,0.023219348391749547,-0.030904977767972484,0.024274934878232922,0.011598503642814853,-0.003751837274024888,0.008354248480544895,0.00467626625745502,0.0038801509233510304,0.025510079648477915,0.020686643397571536,1.0,0.019839877474333627,0.9974384512394221,0.010117579761653379,0.010117579761653379,0.01011757976165326,0.033936290514921204,-0.005749741528620549,0.45523048210864314,0.03725014701768747,0.027686301356657107,0.008793039721247519,-0.004545147870271174,0.00015901655279240993,-0.0036234612722232493,0.0008405539790444426
orig_prior_tx_count,-0.0020635449483528143,0.00436352751353043,0.004285099019345075,-0.0029102505142439197,-0.003025177780149541,-0.0001448202034074443,0.003652810688499416,-0.00021772139960777096,4.9813108644742256e-05,0.0021599075651005787,0.00012074438142421763,0.00016309532171537372,0.003983159798627798,-0.0004977369738207391,0.003576699574546987,-0.001149070861665823,0.0027576799374354755,0.00535614475049183,0.019839877474333627,1.0,-0.03159719894594856,0.3182331694341,0.3182331694341,0.3182331694340999,0.00331606574693849,-0.003284979719021387,0.008891935287934378,-0.0010978794090219517,-0.002086710924693095,-0.0010921183582327267,0.003695251409002446,0.00022731844636795408,-0.002832752277932386,3.2053681691960794e-05
orig_time_since_prev,0.030773461060642528,-0.0005366506503911873,-0.0006247230792116556,0.029666434677687054,0.029198794886562882,0.001532113293273871,0.019193458654630492,0.023015036942597315,0.02227813485921559,-0.030152527798453337,0.024338661704717008,0.010829812222519521,-0.004119521845402458,0.008082257637679901,0.004849136252748541,0.0037654273710990105,0.024820930039985065,0.05555402270283888,0.9974384512394221,-0.03159719894594856,1.0,-0.012244917623469041,-0.01224491762346904,-0.012244917623469147,0.033958110121829574,-0.00582616034648684,0.4541447312932259,0.03727056011279432,0.02777601924490216,0.008623959876642974,-0.004363174639854311,-0.00025780962444406385,-0.003479810840592278,0.0006577295180396748
orig_prev_amount,-0.0015179455706033989,-0.0009504118500746672,-0.0009743948191691446,-0.0017462603579292456,-0.0018058022015011326,-4.608659232844275e-05,8.491809663515058e-05,-0.000652243559462129,0.0003978861859752791,0.0016674917997552775,-0.00037096388972080466,-0.0005960524518146253,-2.870611774994536e-05,-0.00010767989676102083,0.004649303666940577,0.0034857667451292655,0.0019772509211822397,0.0003598257119274165,0.010117579761653379,0.3182331694341,-0.012244917623469041,1.0,1.0,0.9999999999999997,-7.359211943117018e-05,0.0021226580075562563,0.008099276099301861,-0.0014805158912028218,-0.001610218025400178,-0.002755257586441979,-0.001504544490891092,-0.0004881271427923454,0.0036117901613945892,0.0006983419762503886
orig_prior_amount_sum,-0.0015179455706033989,-0.0009504118500746675,-0.0009743948191691448,-0.0017462603579292454,-0.001805802201501133,-4.608659232844275e-05,8.491809663515058e-05,-0.0006522435594621288,0.0003978861859752791,0.0016674917997552775,-0.00037096388972080477,-0.0005960524518146254,-2.8706117749945366e-05,-0.00010767989676102078,0.004649303666940577,0.0034857667451292655,0.0019772509211822397,0.00035982571192741674,0.010117579761653379,0.3182331694341,-0.01224491762346904,1.0,1.0,0.9999999999999997,-7.359211943117015e-05,0.0021226580075562563,0.008099276099301863,-0.0014805158912028218,-0.0016102180254001783,-0.002755257586441979,-0.0015045444908910915,-0.0004881271427923456,0.0036117901613945892,0.0006983419762503884
orig_prior_amount_mean,-0.0015179455706033924,-0.000950411850074696,-0.0009743948191691414,-0.0017462603579292474,-0.0018058022015011452,-4.6086592328442824e-05,8.491809663515593e-05,-0.0006522435594621289,0.0003978861859752731,0.001667491799755285,-0.0003709638897208014,-0.0005960524518146301,-2.870611774994655e-05,-0.00010767989676101925,0.0046493036669405146,0.0034857667451293362,0.0019772509211822553,0.00035982571192741766,0.01011757976165326,0.3182331694340999,-0.012244917623469147,0.9999999999999997,0.9999999999999997,1.0,-7.359211943113888e-05,0.002122658007556175,0.008099276099301913,-0.0014805158912028266,-0.0016102180254001976,-0.0027552575864419463,-0.0015045444908911097,-0.00048812714279234396,0.003611790161394679,0.0006983419762504004
dest_prior_tx_count,0.14587693439873822,0.13198528650408495,0.1351858803611623,0.44667235093197943,0.4266235350102523,-0.0023084920166264893,0.38961454010098967,0.12036651807520947,-0.07923008272726952,-0.1664834563475688,0.04637255700501834,-0.028669708396918497,0.023318146222394434,-0.02440007851661566,0.08867951030464766,-0.5381953579086034,0.24862304827317386,0.0015788027161735927,0.033936290514921204,0.00331606574693849,0.033958110121829574,-7.359211943117018e-05,-7.359211943117015e-05,-7.359211943113888e-05,1.0,-0.5644970486007518,-0.44454433986425157,0.6933978588111254,0.24306319972087706,0.17652916329299365,0.20982286017155016,0.02548566554252207,-0.4672514981759415,0.16648523791907646
dest_novelty,-0.1568049805276059,-0.20580655889415658,-0.21048822258794933,-0.2601240572478747,-0.2561814545009448,0.004089466937601736,-0.6132722540102123,-0.09890118707174031,0.07668924365421978,0.1880137067480477,-0.062441784234190695,-0.028736877544204505,-0.02797207178429261,0.014552410997201814,-0.04609184632740505,0.8589855645372446,-0.4124715820416465,-0.0018650256152109917,-0.005749741528620549,-0.003284979719021387,-0.00582616034648684,0.0021226580075562563,0.0021226580075562563,0.002122658007556175,-0.5644970486007518,1.0,0.7673927029228814,-0.35707487311860725,-0.38534791822568715,-0.3288129369020263,-0.41741410219312475,-0.059860414674127976,0.8273040898121632,-0.1857457407682877
dest_time_since_prev,-0.11732283463122761,-0.16592465902343395,-0.1698524805054534,-0.2108547924318825,-0.206680534174388,0.004589944354147109,-0.45828540435804216,-0.08014422994785816,0.08732027745502371,0.1432268435347687,-0.04521556561773036,-0.0027979151511633763,-0.023353786949886438,0.021499627970724286,-0.039789889045602614,0.6836730922990395,-0.3006341067265952,0.016271605550772787,0.45523048210864314,0.008891935287934378,0.4541447312932259,0.008099276099301861,0.008099276099301863,0.008099276099301913,-0.44454433986425157,0.7673927029228814,1.0,-0.2847335028070939,-0.3038526524890443,-0.2508404573600512,-0.3214498008490802,-0.04664415658540424,0.6362406561941295,-0.14497649717600097
dest_prior_amount_sum,0.29852158330837025,0.08088212496475608,0.08279413808295834,0.8620322170044356,0.8404509857375089,-0.0014602458878668764,0.2743838013349568,0.27603217374269007,-0.05341899894579427,-0.3095808370495013,-0.020222587443681824,-0.02610967520602059,0.014201712126462837,-0.016829185132424755,0.07210665933655983,-0.3449320211857709,0.1589375236083596,-0.0025519890487031784,0.03725014701768747,-0.0010978794090219517,0.03727056011279432,-0.0014805158912028218,-0.0014805158912028218,-0.0014805158912028266,0.6933978588111254,-0.35707487311860725,-0.2847335028070939,1.0,0.6520403257217038,0.10333162943574692,0.11949233288402428,0.01333903039628007,-0.2955800143846248,0.14183350414741985
dest_prior_amount_mean,0.30876079870360956,0.08146553650702283,0.08336555524903287,0.6509266560320407,0.652927771861491,-0.0015758675710576097,0.2781378084688446,0.30715794195942037,-0.04043382218557332,-0.3197326353712643,-0.04624663432083697,-0.014702437541485635,0.010918567140261994,-0.010401394387508615,0.0551704157341335,-0.34476540931289973,0.164261090158558,-0.0013377025740388456,0.027686301356657107,-0.002086710924693095,0.02777601924490216,-0.001610218025400178,-0.0016102180254001783,-0.0016102180254001976,0.24306319972087706,-0.38534791822568715,-0.3038526524890443,0.6520403257217038,1.0,0.11657637727558408,0.13962947112191695,0.01900029520095092,-0.3189744547536374,0.12539587570607877
type_CASH_IN,-0.010364739128535251,0.5027435769860247,0.5231809695118725,0.0756345830844282,0.03424837621071306,-0.0018776807760385462,0.23613534797254795,-0.0660440518403246,-0.022478824883658495,-0.10856848922166489,0.25498789479904427,-0.29608132413421684,0.07482145404150549,-0.024897353135012533,-0.3624362557841078,-0.3347536981184623,0.2772692026469531,-0.009528122242739362,0.008793039721247519,-0.0010921183582327267,0.008623959876642974,-0.002755257586441979,-0.002755257586441979,-0.0027552575864419463,0.17652916329299365,-0.3288129369020263,-0.2508404573600512,0.10333162943574692,0.11657637727558408,1.0,-0.39178910620874324,-0.04459009881967241,-0.3800776883640407,-0.15859474354852882
type_CASH_OUT,-0.005597268971820919,-0.19977440777222086,-0.2097664816187172,0.08326929890192056,0.08882825614199097,-0.002608230913326404,0.3432851121384791,0.007293942017091184,-0.004737738920712516,0.06114230921668422,-0.10664346118776026,0.3250683164369254,-0.02931423061095901,0.009638510563977997,0.20497792629570977,-0.41935224761710777,0.18009820881271013,0.004513203282176682,-0.004545147870271174,0.003695251409002446,-0.004363174639854311,-0.001504544490891092,-0.0015045444908910915,-0.0015045444908911097,0.20982286017155016,-0.41741410219312475,-0.3214498008490802,0.11949233288402428,0.13962947112191695,-0.39178910620874324,1.0,-0.06193878941186095,-0.5279546922497614,-0.22029927455882323
type_DEBIT,-0.022662165322414822,-0.021967034720496586,-0.02240518446876207,0.01114860535545785,0.008022172231659958,-0.00029684662571445667,-0.13701242133082436,-0.010590895564140619,-0.012184978296718163,0.025680427675610865,-0.013397716326693329,-0.02142698303517823,-0.003336296028413718,-0.004091534333714549,-0.028947952140880535,-0.07208151548667541,-0.09978838061551842,-0.008099755043194691,0.00015901655279240993,0.00022731844636795408,-0.00025780962444406385,-0.0004881271427923454,-0.0004881271427923456,-0.00048812714279234396,0.02548566554252207,-0.059860414674127976,-0.04664415658540424,0.01333903039628007,0.01900029520095092,-0.04459009881967241,-0.06193878941186095,1.0,-0.06008730596808286,-0.025072586927024902
type_PAYMENT,-0.1844203350164511,-0.18796222722710215,-0.192460565823887,-0.22696803944226784,-0.23113211111484866,-0.002530265289531859,-0.7339974777710215,-0.08539517996609246,-0.054478102471292006,0.21365054516225535,-0.0587863369749087,-0.14865639480388423,-0.028437965284078468,-0.03487547578137431,0.047099045399003836,0.8336021456040436,-0.4780408905072033,0.008476498153770204,-0.0036234612722232493,-0.002832752277932386,-0.003479810840592278,0.0036117901613945892,0.0036117901613945892,0.003611790161394679,-0.4672514981759415,0.8273040898121632,0.6362406561941295,-0.2955800143846248,-0.3189744547536374,-0.3800776883640407,-0.5279546922497614,-0.06008730596808286,1.0,-0.2137140560972624
type_TRANSFER,0.3506424354319227,-0.08036659871113035,-0.08593677352433948,0.12902724824850514,0.19000967570802849,0.011839489342621079,0.3537391681766656,0.2377020769348744,0.13996112878240566,-0.31910403465793963,-0.0938922035674864,0.14406124744408136,-0.011866289318038884,0.08226752841057224,0.1179458786317567,-0.18054802639685497,0.12278942083402937,-0.005636698944606475,0.0008405539790444426,3.2053681691960794e-05,0.0006577295180396748,0.0006983419762503886,0.0006983419762503884,0.0006983419762504004,0.16648523791907646,-0.1857457407682877,-0.14497649717600097,0.14183350414741985,0.12539587570607877,-0.15859474354852882,-0.22029927455882323,-0.025072586927024902,-0.2137140560972624,1.0
