feature,mean_abs_shap
dest_amount_to_oldbalance,0.12485275026069761
orig_balance_error,0.08214996295004157
newbalanceOrig,0.037273952528099195
dest_balance_error,0.024350421286628007
type_TRANSFER,0.021505472246498035
orig_amount_to_oldbalance,0.018453415128629826
amount,0.016201336179264555
hour_of_day,0.01443875828509547
abnormal_orig_change,0.01427915973656199
orig_drained,0.013997535335028934
dest_refill_ratio,0.012175706927957703
oldbalanceDest,0.006411700608074639
type_CASH_OUT,0.005946604317640526
log_amount,0.0044920887999758755
oldbalanceOrg,0.0033900476749524205
newbalanceDest,0.003232969016909626
dest_time_since_prev,0.002149810698518052
orig_time_since_prev,0.001822425246059006
orig_refill_ratio,0.0014436664510153435
dest_prior_tx_count,0.0008912536542572254
zero_dest_before,0.0007498317727086597
type_PAYMENT,0.0007411029127641577
dest_prior_amount_mean,0.0005700164593290448
type_CASH_IN,0.0005173932389298199
dest_prior_amount_sum,0.0004244883660077924
day_of_month,0.000373945679365011
zero_orig_before,0.0003297909208760947
dest_novelty,2.381413546226336e-05
type_DEBIT,2.431310154167404e-12
isFlaggedFraud,0.0
orig_prev_amount,0.0
orig_prior_amount_sum,0.0
orig_prior_amount_mean,0.0
orig_prior_tx_count,0.0
